Distance,Speed,Throttle,Brake,RPM,DRS,Race,Driver,LapNumber
0.37178603697661705,255.33611235555554,100.0,False,10855.786057955554,0,Silverstone,ALO,48.0
2.241016820615169,255.8416704,100.0,False,10834.1915072,0,Silverstone,ALO,48.0
10.25194444444445,258.0,100.0,False,10742.0,0,Silverstone,ALO,48.0
15.256852325928223,259.37999872,100.0,False,10792.0249536,0,Silverstone,ALO,48.0
24.807500000000005,262.0,100.0,False,10887.0,0,Silverstone,ALO,48.0
28.393965066967134,262.5231333649765,100.0,False,10903.565889890922,0,Silverstone,ALO,48.0
44.60200549687009,264.87188347543906,100.0,False,10977.942976722237,0,Silverstone,ALO,48.0
45.492222222222225,265.0,100.0,False,10982.0,0,Silverstone,ALO,48.0
62.535635640325545,268.562496,100.0,False,11156.562304,0,Silverstone,ALO,48.0
69.49222222222222,270.0,100.0,False,11227.0,0,Silverstone,ALO,48.0
84.77,275.0,100.0,False,11367.0,0,Silverstone,ALO,48.0
91.53524168178643,275.825,100.0,False,11330.425,0,Silverstone,ALO,48.0
106.99591234256852,277.7,100.0,False,11247.3,0,Silverstone,ALO,48.0
109.4811111111111,278.0,100.0,False,11234.0,0,Silverstone,ALO,48.0
124.14376623628766,280.3499968,100.0,False,10601.067528533333,0,Silverstone,ALO,48.0
128.21444444444444,281.0,100.0,False,10426.0,0,Silverstone,ALO,48.0
141.41040268085212,282.68,100.0,False,10483.12,0,Silverstone,ALO,48.0
143.93666666666667,283.0,100.0,False,10494.0,0,Silverstone,ALO,48.0
159.82555555555555,286.0,100.0,False,10564.0,0,Silverstone,ALO,48.0
166.8533908463707,286.88,100.0,False,10597.44,0,Silverstone,ALO,48.0
175.82555555555558,288.0,100.0,False,10640.0,0,Silverstone,ALO,48.0
182.89649767326495,288.66,100.0,False,10668.82,0,Silverstone,ALO,48.0
199.04474567553783,290.16,100.0,False,10734.32,0,Silverstone,ALO,48.0
208.1588888888889,291.0,100.0,False,10771.0,0,Silverstone,ALO,48.0
215.35945791837682,292.22222222222223,100.0,False,10798.133333333333,0,Silverstone,ALO,48.0
237.7588888888889,296.0,100.0,False,10882.0,0,Silverstone,ALO,48.0
243.36103236760368,296.24285622857144,100.0,False,10905.314197942856,0,Silverstone,ALO,48.0
260.8588888888889,297.0,100.0,False,10978.0,0,Silverstone,ALO,48.0
261.5221051793608,297.0857142857143,100.0,False,10980.4,0,Silverstone,ALO,48.0
284.1922222222222,300.0,100.0,False,11062.0,0,Silverstone,ALO,48.0
304.9855554002132,301.77142857142854,100.0,False,11110.714285714286,0,Silverstone,ALO,48.0
307.68111111111114,302.0,100.0,False,11117.0,0,Silverstone,ALO,48.0
333.77891303432693,304.0999982545454,100.0,False,11201.6999296,0,Silverstone,ALO,48.0
344.9588888888889,305.0,100.0,False,11238.0,0,Silverstone,ALO,48.0
354.079890753821,304.3250016,100.0,False,11231.250016,0,Silverstone,ALO,48.0
358.47,304.0,100.0,False,11228.0,0,Silverstone,ALO,48.0
378.73666666666674,304.0,100.0,False,11244.0,0,Silverstone,ALO,48.0
389.51169721087166,303.36,100.0,False,11265.12,0,Silverstone,ALO,48.0
395.57,303.0,100.0,False,11277.0,0,Silverstone,ALO,48.0
404.662444565412,303.0,100.0,False,11249.3250656,0,Silverstone,ALO,48.0
409.0366666666667,303.0,100.0,False,11236.0,0,Silverstone,ALO,48.0
424.8124547395525,302.41065875500465,100.0,False,11236.0,0,Silverstone,ALO,48.0
435.7972222222222,302.0,100.0,False,11236.0,0,Silverstone,ALO,48.0
449.21944444444443,302.0,100.0,False,11220.0,0,Silverstone,ALO,48.0
460.00868526925524,301.1937488,100.0,False,11154.6936528,0,Silverstone,ALO,48.0
462.59722222222223,301.0,100.0,False,11139.0,0,Silverstone,ALO,48.0
481.6820155515236,300.1821430857143,100.0,False,11084.203586742857,0,Silverstone,ALO,48.0
485.9305555555556,300.0,100.0,False,11072.0,0,Silverstone,ALO,48.0
502.59722222222223,300.0,100.0,False,11099.0,0,Silverstone,ALO,48.0
504.9307083567275,300.0,100.0,False,11092.14,0,Silverstone,ALO,48.0
519.2638888888889,300.0,100.0,False,11050.0,0,Silverstone,ALO,48.0
524.9292721304573,300.0,100.0,False,11066.15,0,Silverstone,ALO,48.0
532.5972222222223,300.0,100.0,False,11088.0,0,Silverstone,ALO,48.0
543.3655743095472,300.5375008,100.0,False,11082.0874912,0,Silverstone,ALO,48.0
552.663888888889,301.0,100.0,False,11077.0,0,Silverstone,ALO,48.0
569.4972222222224,303.0,100.0,False,11136.0,0,Silverstone,ALO,48.0
580.3184165827656,302.4149653703552,100.0,False,11096.217645184155,0,Silverstone,ALO,48.0
595.353817612796,301.5986403561475,100.0,False,11040.70754421803,0,Silverstone,ALO,48.0
606.3697222222223,301.0,100.0,False,11000.0,0,Silverstone,ALO,48.0
612.0437970599692,300.71666773333334,100.0,False,11018.133265066666,0,Silverstone,ALO,48.0
626.3697222222223,300.0,100.0,False,11064.0,0,Silverstone,ALO,48.0
638.6228335390728,298.1500032,100.0,False,11034.4000512,0,Silverstone,ALO,48.0
639.6141666666667,298.0,100.0,False,11032.0,0,Silverstone,ALO,48.0
652.8141666666668,297.0,100.0,False,11032.0,0,Silverstone,ALO,48.0
658.4256521147212,297.0,100.0,False,10980.5751936,0,Silverstone,ALO,48.0
666.0141666666668,297.0,100.0,False,10911.0,0,Silverstone,ALO,48.0
671.6126955651398,296.66000128,100.0,False,10905.9000192,0,Silverstone,ALO,48.0
682.4586111111112,296.0,100.0,False,10896.0,0,Silverstone,ALO,48.0
692.9552211692411,295.46666666666664,100.0,False,10883.733333333334,0,Silverstone,ALO,48.0
702.1252777777778,295.0,100.0,False,10873.0,0,Silverstone,ALO,48.0
709.3219418778929,294.6333333333333,100.0,False,10860.533333333333,0,Silverstone,ALO,48.0
721.7252777777778,294.0,100.0,False,10839.0,0,Silverstone,ALO,48.0
730.5062336710766,293.46000128,100.0,False,10808.22007296,0,Silverstone,ALO,48.0
738.0030555555555,293.0,100.0,False,10782.0,0,Silverstone,ALO,48.0
745.2165802769806,291.71666666666664,81.66666666666667,False,10695.466666666667,0,Silverstone,ALO,48.0
773.868978300669,286.46666666666664,6.666666666666671,False,10341.466666666667,0,Silverstone,ALO,48.0
776.1363888888889,286.0,0.0,True,10310.0,0,Silverstone,ALO,48.0
780.7698764259399,272.15719497142857,0.0,True,10164.529119085715,0,Silverstone,ALO,48.0
793.9474999999999,229.0,0.0,True,9711.0,0,Silverstone,ALO,48.0
799.1266242505601,220.2,0.0,True,10047.6,0,Silverstone,ALO,48.0
807.6141666666665,205.0,0.0,True,10629.0,0,Silverstone,ALO,48.0
815.1257822931956,189.67145508571429,0.0,True,10697.714166857142,0,Silverstone,ALO,48.0
821.3030555555554,176.0,0.0,True,10759.0,0,Silverstone,ALO,48.0
823.450464088577,172.64,0.0,True,10744.48,0,Silverstone,ALO,48.0
837.7474999999998,148.0,0.0,True,10638.0,0,Silverstone,ALO,48.0
838.7983319029784,146.6000128,0.0,True,10581.72051456,0,Silverstone,ALO,48.0
848.0609731408351,133.6,0.0,True,10059.12,0,Silverstone,ALO,48.0
851.9697222222221,128.0,0.0,True,9834.0,0,Silverstone,ALO,48.0
857.5252777777777,125.0,0.0,True,8738.0,0,Silverstone,ALO,48.0
860.4522440334974,122.17142857142858,0.0,True,8560.42857142857,0,Silverstone,ALO,48.0
866.5474999999999,116.0,0.0,True,8173.0,0,Silverstone,ALO,48.0
869.8901285799002,112.625008,0.0,True,7972.5254752,0,Silverstone,ALO,48.0
871.4808333333333,111.0,0.0,True,7876.0,0,Silverstone,ALO,48.0
876.536219681668,108.48,0.0,True,7600.48,0,Silverstone,ALO,48.0
877.4808333333333,108.0,0.0,True,7548.0,0,Silverstone,ALO,48.0
882.9153855054994,104.22110702739974,0.0,True,7389.286495150789,0,Silverstone,ALO,48.0
883.2297222222222,104.0,0.0,False,7380.0,0,Silverstone,ALO,48.0
888.0247175451257,102.4156232,2.640628,False,7248.4967256,0,Silverstone,ALO,48.0
892.2075,101.0,5.0,False,7131.0,0,Silverstone,ALO,48.0
896.2017555198145,98.671876,11.984372,False,7137.0531224,0,Silverstone,ALO,48.0
900.7408333333333,96.0,20.0,False,7144.0,0,Silverstone,ALO,48.0
901.4930784973089,96.23333333333333,21.05,False,7169.316666666667,0,Silverstone,ALO,48.0
906.3913813108294,97.73333333333333,27.8,False,7332.066666666667,0,Silverstone,ALO,48.0
907.2741666666666,98.0,29.0,False,7361.0,0,Silverstone,ALO,48.0
912.5646065090075,100.3624992,34.3156232,False,7582.4843,0,Silverstone,ALO,48.0
916.3408333333333,102.0,38.0,False,7736.0,0,Silverstone,ALO,48.0
917.1916272627082,102.63239697999931,38.632396979999314,False,7788.488949339943,0,Silverstone,ALO,48.0
923.2060059771402,106.99376508784144,42.99376508784144,False,8150.48250229084,0,Silverstone,ALO,48.0
926.06,109.0,45.0,False,8317.0,0,Silverstone,ALO,48.0
934.0265660489499,115.2,52.971428571428575,False,8675.714285714286,0,Silverstone,ALO,48.0
935.0822222222222,116.0,54.0,False,8722.0,0,Silverstone,ALO,48.0
943.2155555555555,122.0,65.0,False,9283.0,0,Silverstone,ALO,48.0
944.194666418404,122.97999104,65.6999936,False,9355.65933568,0,Silverstone,ALO,48.0
950.3822222222221,129.0,70.0,False,9802.0,0,Silverstone,ALO,48.0
956.0052929037217,136.3999872,73.6999936,False,10203.4493056,0,Silverstone,ALO,48.0
956.471111111111,137.0,74.0,False,10236.0,0,Silverstone,ALO,48.0
963.8784249000054,140.13332906666668,16.033412266666666,False,10327.6498752,0,Silverstone,ALO,48.0
965.871111111111,141.0,0.0,True,10353.0,0,Silverstone,ALO,48.0
971.6933333333332,131.0,0.0,True,9600.0,8,Silverstone,ALO,48.0
975.3220290720625,125.6000128,0.0,True,9141.38680137143,8,Silverstone,ALO,48.0
980.7933333333332,117.0,0.0,True,8411.0,8,Silverstone,ALO,48.0
985.8155555555554,113.0,0.0,True,7931.0,8,Silverstone,ALO,48.0
987.2561718612837,111.2,0.0,True,7905.6,8,Silverstone,ALO,48.0
992.7488888888888,104.0,0.0,True,7804.0,8,Silverstone,ALO,48.0
997.4702241870441,101.48,0.0,True,7365.52,8,Silverstone,ALO,48.0
998.3599999999999,101.0,0.0,True,7282.0,8,Silverstone,ALO,48.0
1004.0524503506844,98.77142857142857,0.0,True,6998.971428571429,8,Silverstone,ALO,48.0
1005.982222222222,98.0,0.0,True,6901.0,8,Silverstone,ALO,48.0
1008.8354152446454,96.45714651428571,0.7714267428571429,True,6801.1002368,8,Silverstone,ALO,48.0
1013.2933333333332,94.0,2.0,False,6642.0,8,Silverstone,ALO,48.0
1016.0531075699597,92.9875024,1.3250016,False,6554.5877072,8,Silverstone,ALO,48.0
1021.382222222222,91.0,0.0,False,6383.0,8,Silverstone,ALO,48.0
1023.5592876240125,90.05714285714286,0.0,False,6280.228571428572,8,Silverstone,ALO,48.0
1027.93895339229,88.12857417142857,0.0,False,6070.014584685714,8,Silverstone,ALO,48.0
1028.2266666666665,88.0,0.0,False,6056.0,8,Silverstone,ALO,48.0
1033.8933333333332,85.0,19.0,False,6421.0,8,Silverstone,ALO,48.0
1035.4911366943334,85.0,19.67999744,False,6403.32006656,8,Silverstone,ALO,48.0
1038.6155555555554,85.0,21.0,False,6369.0,8,Silverstone,ALO,48.0
1040.2548794661216,85.75555271111111,22.6999936,False,6467.410740622222,8,Silverstone,ALO,48.0
1047.5155555555555,89.0,30.0,False,6890.0,8,Silverstone,ALO,48.0
1049.2499812149074,90.13332906666666,31.13332906666667,False,6972.733021866667,8,Silverstone,ALO,48.0
1053.7155555555555,93.0,34.0,False,7182.0,8,Silverstone,ALO,48.0
1056.0510353728514,94.76,36.2,False,7299.92,8,Silverstone,ALO,48.0
1059.1044444444444,97.0,39.0,False,7450.0,8,Silverstone,ALO,48.0
1063.3397930127658,101.3166592,42.6999936,False,7813.832704,8,Silverstone,ALO,48.0
1066.0377777777778,104.0,45.0,False,8040.0,8,Silverstone,ALO,48.0
1068.639797026833,105.46666666666667,46.46666666666667,False,8144.5,8,Silverstone,ALO,48.0
1073.2377777777779,108.0,49.0,False,8325.0,8,Silverstone,ALO,48.0
1077.2889580060173,112.50251690695099,55.43216700992998,False,8754.02553956233,8,Silverstone,ALO,48.0
1079.5947222222223,115.0,59.0,False,8992.0,8,Silverstone,ALO,48.0
1085.9119944724148,119.7249984,63.04999862857143,False,9507.0248256,8,Silverstone,ALO,48.0
1089.0836111111112,122.0,65.0,False,9755.0,8,Silverstone,ALO,48.0
1094.4549746808345,127.55,69.81,False,10241.18,8,Silverstone,ALO,48.0
1104.3058333333336,137.0,78.0,False,11069.0,8,Silverstone,ALO,48.0
1107.1464587719126,141.37142857142857,83.34285714285714,False,10967.485714285714,8,Silverstone,ALO,48.0
1116.361388888889,155.0,100.0,False,10651.0,8,Silverstone,ALO,48.0
1123.4725,160.0,100.0,False,10563.0,8,Silverstone,ALO,48.0
1127.628380524968,163.63265931639322,100.0,False,10731.918658212286,8,Silverstone,ALO,48.0
1129.550636938217,165.2653116668031,100.0,False,10807.836992506343,8,Silverstone,ALO,48.0
1140.5820700026002,174.24488914508228,100.0,False,11225.387345246327,8,Silverstone,ALO,48.0
1145.2775,178.0,100.0,False,11400.0,8,Silverstone,ALO,48.0
1153.5441666666666,186.0,100.0,False,11120.0,8,Silverstone,ALO,48.0
1155.018556170717,187.2249888,100.0,False,11013.250976,8,Silverstone,ALO,48.0
1162.1219444444444,193.0,100.0,False,10510.0,8,Silverstone,ALO,48.0
1165.9067137529642,196.11665493333334,100.0,False,10672.3493888,8,Silverstone,ALO,48.0
1175.7219444444445,204.0,100.0,False,11083.0,8,Silverstone,ALO,48.0
1181.8776012268854,205.3499968,100.0,False,11178.8497728,8,Silverstone,ALO,48.0
1184.8775,206.0,100.0,False,11225.0,8,Silverstone,ALO,48.0
1191.2354624182244,210.7249888,100.0,False,11499.7243488,8,Silverstone,ALO,48.0
1194.3441666666668,213.0,100.0,False,11632.0,8,Silverstone,ALO,48.0
1200.8808571703894,215.3999943111111,100.0,False,11323.600731022223,8,Silverstone,ALO,48.0
1216.4441666666667,221.0,100.0,False,10604.0,8,Silverstone,ALO,48.0
1216.9413863740165,221.2,100.0,False,10614.75,8,Silverstone,ALO,48.0
1226.4441666666667,225.0,100.0,False,10819.0,8,Silverstone,ALO,48.0
1236.6663888888888,230.0,100.0,False,10923.0,8,Silverstone,ALO,48.0
1243.6442464864647,231.79999573333333,100.0,False,11029.199748266667,8,Silverstone,ALO,48.0
1247.5471101923524,232.8,100.0,False,11088.2,8,Silverstone,ALO,48.0
1252.2663888888887,234.0,100.0,False,11159.0,8,Silverstone,ALO,48.0
1271.506110885989,239.6,100.0,False,11389.4,8,Silverstone,ALO,48.0
1276.3663888888887,241.0,100.0,False,11447.0,8,Silverstone,ALO,48.0
1291.8198810686627,243.4428544,100.0,False,11534.1284736,8,Silverstone,ALO,48.0
1295.3441666666665,244.0,100.0,False,11554.0,8,Silverstone,ALO,48.0
1305.365784266273,244.0,100.0,False,10790.32132096,8,Silverstone,ALO,48.0
1308.899722222222,244.0,100.0,False,10522.0,14,Silverstone,ALO,48.0
1320.395639083884,246.625,100.0,False,10699.975,14,Silverstone,ALO,48.0
1331.0330555555554,249.0,100.0,False,10861.0,12,Silverstone,ALO,48.0
1331.6023283902139,249.37142857142857,100.0,False,10865.371428571429,12,Silverstone,ALO,48.0
1351.4108333333334,262.0,100.0,False,11014.0,12,Silverstone,ALO,48.0
1354.9525439989186,263.2,100.0,False,11045.2,12,Silverstone,ALO,48.0
1366.2441666666666,267.0,100.0,False,11144.0,12,Silverstone,ALO,48.0
1378.288611111111,271.0,100.0,False,11258.0,12,Silverstone,ALO,48.0
1386.4415140182236,271.77142674285716,100.0,False,11324.728413257142,12,Silverstone,ALO,48.0
1399.5219444444444,273.0,100.0,False,11431.0,12,Silverstone,ALO,48.0
1400.1366131664465,273.24,100.0,False,11425.4,12,Silverstone,ALO,48.0
1415.0219444444444,279.0,100.0,False,11291.0,12,Silverstone,ALO,48.0
1417.2009697261994,279.27999744,100.0,False,11164.02116096,12,Silverstone,ALO,48.0
1429.6905640869222,280.87999744,100.0,False,10438.42116096,12,Silverstone,ALO,48.0
1430.6330555555555,281.0,100.0,False,10384.0,12,Silverstone,ALO,48.0
1446.4663888888888,285.0,100.0,False,10492.0,12,Silverstone,ALO,48.0
1462.466388888889,288.0,100.0,False,10596.0,12,Silverstone,ALO,48.0
1466.3329949281524,288.5466972778266,100.0,False,10618.961285668716,12,Silverstone,ALO,48.0
1484.1909315939686,291.05239021881306,100.0,False,10724.200389190148,12,Silverstone,ALO,48.0
1498.1961111111113,293.0,100.0,False,10806.0,12,Silverstone,ALO,48.0
1513.7857351360494,295.14772654545453,100.0,False,10869.143160436364,12,Silverstone,ALO,48.0
1528.6346030997827,297.1818181818182,100.0,False,10928.945454545454,12,Silverstone,ALO,48.0
1534.6183333333333,298.0,100.0,False,10953.0,12,Silverstone,ALO,48.0
1541.940042993872,298.88,100.0,False,11001.4,12,Silverstone,ALO,48.0
1551.2849999999999,300.0,100.0,False,11063.0,12,Silverstone,ALO,48.0
1560.4255644513396,300.9909085090909,100.0,False,11087.772712727272,12,Silverstone,ALO,48.0
1580.7047215660775,303.1727266909091,100.0,False,11142.318167272728,12,Silverstone,ALO,48.0
1588.4405555555554,304.0,100.0,False,11163.0,12,Silverstone,ALO,48.0
1608.0129938544612,306.53739406321426,100.0,False,11213.11353274848,12,Silverstone,ALO,48.0
1619.326111111111,308.0,100.0,False,11242.0,12,Silverstone,ALO,48.0
1633.0594444444444,309.0,100.0,False,11356.0,12,Silverstone,ALO,48.0
1633.7486806890727,309.0857142857143,100.0,False,11359.8,12,Silverstone,ALO,48.0
1654.5462169276511,311.65714285714284,100.0,False,11473.8,12,Silverstone,ALO,48.0
1657.3261111111108,312.0,100.0,False,11489.0,12,Silverstone,ALO,48.0
1677.1481252982699,312.94999893333335,100.0,False,11525.099959466666,12,Silverstone,ALO,48.0
1678.1927777777776,313.0,100.0,False,11527.0,12,Silverstone,ALO,48.0
1692.8351241220898,313.6,100.0,False,11528.8,12,Silverstone,ALO,48.0
1702.6149999999998,314.0,100.0,False,11530.0,12,Silverstone,ALO,48.0
1715.56093546819,314.5285705142857,100.0,False,11549.028538514285,12,Silverstone,ALO,48.0
1727.1149999999996,315.0,100.0,False,11566.0,12,Silverstone,ALO,48.0
1733.0652319144542,315.0,100.0,False,11580.27994624,12,Silverstone,ALO,48.0
1744.6149999999996,315.0,100.0,False,11608.0,12,Silverstone,ALO,48.0
1748.8160615401164,315.0,100.0,False,11597.885714285714,12,Silverstone,ALO,48.0
1768.0664067707453,315.0,100.0,False,11551.52862537143,12,Silverstone,ALO,48.0
1769.1149999999996,315.0,100.0,False,11549.0,12,Silverstone,ALO,48.0
1787.261081605451,314.4222222222222,100.0,False,11519.533333333333,12,Silverstone,ALO,48.0
1800.5149999999994,314.0,100.0,False,11498.0,12,Silverstone,ALO,48.0
1801.2129367120328,314.0,100.0,False,11498.0,12,Silverstone,ALO,48.0
1821.4483333333328,314.0,100.0,False,11498.0,12,Silverstone,ALO,48.0
1825.6233168502874,312.2,74.8,False,11504.3,12,Silverstone,ALO,48.0
1835.1372222222217,308.0,16.0,True,11519.0,0,Silverstone,ALO,48.0
1849.349136556524,276.6667093333333,3.4666837333333334,True,10685.534468266667,0,Silverstone,ALO,48.0
1853.0038888888882,268.0,0.0,True,10455.0,0,Silverstone,ALO,48.0
1862.908729632362,253.2000256,0.0,True,10567.8498048,0,Silverstone,ALO,48.0
1878.3372222222217,228.0,0.0,True,10760.0,0,Silverstone,ALO,48.0
1892.2161052694041,211.46666666666667,0.0,True,10711.95,0,Silverstone,ALO,48.0
1904.470555555555,196.0,0.0,True,10667.0,0,Silverstone,ALO,48.0
1909.0358636863484,191.16,0.0,True,10372.64,0,Silverstone,ALO,48.0
1914.7483333333328,185.0,0.0,True,9998.0,0,Silverstone,ALO,48.0
1920.1113206858874,181.40000853333333,0.0,True,10155.799625955555,0,Silverstone,ALO,48.0
1932.0483333333327,173.0,0.0,True,10524.0,0,Silverstone,ALO,48.0
1940.3983050624092,164.64445582222223,0.0,True,10105.178348088888,0,Silverstone,ALO,48.0
1947.7483333333328,157.0,0.0,True,9722.0,0,Silverstone,ALO,48.0
1950.60895492737,154.62000896,0.0,True,9582.94052352,0,Silverstone,ALO,48.0
1956.081666666666,150.0,0.0,True,9313.0,0,Silverstone,ALO,48.0
1962.075429617353,146.916672,0.0,True,9073.7337472,0,Silverstone,ALO,48.0
1965.7483333333328,145.0,0.0,False,8925.0,0,Silverstone,ALO,48.0
1972.0594444444437,142.0,12.0,False,8855.0,0,Silverstone,ALO,48.0
1976.998892575707,140.39498335999,23.235116480070108,False,8850.586204239973,0,Silverstone,ALO,48.0
1984.2877777777771,138.0,40.0,False,8844.0,0,Silverstone,ALO,48.0
1985.3631813843149,138.175,40.7,False,8866.225,0,Silverstone,ALO,48.0
1990.4655555555548,139.0,44.0,False,8971.0,0,Silverstone,ALO,48.0
1996.2775691172042,140.64444444444445,47.7,False,9104.2,0,Silverstone,ALO,48.0
2003.5134917337336,142.65555768888888,52.2250048,False,9267.1001728,0,Silverstone,ALO,48.0
2004.7655555555548,143.0,53.0,False,9295.0,0,Silverstone,ALO,48.0
2014.6322222222216,148.0,62.0,False,9561.0,0,Silverstone,ALO,48.0
2017.566694048825,150.57142311979354,68.42855779948387,False,9743.571041505342,0,Silverstone,ALO,48.0
2021.519444444444,154.0,77.0,False,9987.0,0,Silverstone,ALO,48.0
2025.2926424381421,154.94285714285715,84.22857142857143,False,10156.4,0,Silverstone,ALO,48.0
2033.7305555555552,157.0,100.0,False,10526.0,0,Silverstone,ALO,48.0
2037.8642581168797,162.5,100.0,False,10651.033333333333,0,Silverstone,ALO,48.0
2045.1972222222219,172.0,100.0,False,10867.0,0,Silverstone,ALO,48.0
2052.1707951244694,169.5333376,58.888960000000004,False,10560.3116416,0,Silverstone,ALO,48.0
2061.797222222222,166.0,0.0,True,10121.0,0,Silverstone,ALO,48.0
2070.408333333333,155.0,0.0,True,10206.0,0,Silverstone,ALO,48.0
2070.7425234665293,154.66666666666666,0.0,True,10204.4,0,Silverstone,ALO,48.0
2080.075,145.0,0.0,True,10158.0,0,Silverstone,ALO,48.0
2081.915722724172,142.8,0.0,True,10046.0,0,Silverstone,ALO,48.0
2089.008333333333,134.0,0.0,True,9598.0,0,Silverstone,ALO,48.0
2090.7336696051884,132.56,0.0,True,9485.44,0,Silverstone,ALO,48.0
2096.119444444444,128.0,0.0,True,9129.0,0,Silverstone,ALO,48.0
2097.109669954001,127.7666688,0.0,True,9092.1336704,0,Silverstone,ALO,48.0
2099.231631761416,127.26666666666667,0.0,True,9013.133333333333,0,Silverstone,ALO,48.0
2104.519444444444,126.0,0.0,True,8813.0,0,Silverstone,ALO,48.0
2109.808333333333,119.0,0.0,True,8492.0,0,Silverstone,ALO,48.0
2110.0679069549647,118.84,0.0,True,8478.6,0,Silverstone,ALO,48.0
2116.197222222222,115.0,0.0,False,8157.0,0,Silverstone,ALO,48.0
2122.4194444444443,112.0,0.0,False,7836.0,0,Silverstone,ALO,48.0
2123.8880909901313,111.46666666666667,0.26666666666666666,False,7814.666666666667,0,Silverstone,ALO,48.0
2133.2194444444444,108.0,2.0,False,7676.0,0,Silverstone,ALO,48.0
2135.7973747867204,106.35,0.9000000000000001,False,7519.25,0,Silverstone,ALO,48.0
2137.886111111111,105.0,0.0,False,7391.0,0,Silverstone,ALO,48.0
2139.266740602918,104.48571428571428,2.5714285714285716,False,7406.085714285714,0,Silverstone,ALO,48.0
2145.4844316851113,102.12857417142857,14.357129142857143,False,7475.228490971429,0,Silverstone,ALO,48.0
2145.8194444444443,102.0,15.0,False,7479.0,0,Silverstone,ALO,48.0
2150.4759180046053,100.6,24.8,False,7551.1,0,Silverstone,ALO,48.0
2152.486111111111,100.0,29.0,False,7582.0,0,Silverstone,ALO,48.0
2157.019444444444,102.0,34.0,False,7779.0,0,Silverstone,ALO,48.0
2158.9567772809523,102.4249984,33.1500032,False,7799.8249216,0,Silverstone,ALO,48.0
2161.597222222222,103.0,32.0,False,7828.0,0,Silverstone,ALO,48.0
2171.108333333333,107.0,35.0,False,8074.0,0,Silverstone,ALO,48.0
2171.964198861545,107.4666624,35.85554773333333,False,8119.9662464,0,Silverstone,ALO,48.0
2182.4083333333333,113.0,46.0,False,8665.0,0,Silverstone,ALO,48.0
2183.315563685752,113.6999936,46.4666624,False,8702.6829888,0,Silverstone,ALO,48.0
2190.3416666666667,119.0,50.0,False,8988.0,0,Silverstone,ALO,48.0
2191.295779185666,119.583328,50.7583264,False,9044.4078176,0,Silverstone,ALO,48.0
2199.739140021171,124.583328,57.2583264,False,9527.9078176,0,Silverstone,ALO,48.0
2207.092304021297,128.74999466666668,62.674993066666666,False,9930.824484266666,0,Silverstone,ALO,48.0
2207.5416666666665,129.0,63.0,False,9955.0,0,Silverstone,ALO,48.0
2217.045309563868,136.77429935004852,69.99686941504366,False,10514.749553203494,0,Silverstone,ALO,48.0
2219.8586111111113,139.0,72.0,False,10675.0,0,Silverstone,ALO,48.0
2226.6961178137526,144.13333333333333,75.73333333333333,False,10254.066666666668,0,Silverstone,ALO,48.0
2234.8586111111113,150.0,80.0,False,9773.0,0,Silverstone,ALO,48.0
2243.303892238715,159.4499968,88.66249706666667,False,10444.737272533333,0,Silverstone,ALO,48.0
2245.658611111111,162.0,91.0,False,10626.0,0,Silverstone,ALO,48.0
2253.2586111111113,171.0,100.0,False,11263.0,0,Silverstone,ALO,48.0
2253.6950064149496,171.2803796453804,100.0,False,11255.037218071197,0,Silverstone,ALO,48.0
2261.605880591183,176.26480034005712,100.0,False,11113.479670342378,0,Silverstone,ALO,48.0
2269.3977777777777,181.0,100.0,False,10979.0,0,Silverstone,ALO,48.0
2275.102123983001,185.94998826666668,100.0,False,10820.150376533333,0,Silverstone,ALO,48.0
2282.197777777778,192.0,100.0,False,10626.0,0,Silverstone,ALO,48.0
2289.1416218186732,195.2,100.0,False,11018.0,0,Silverstone,ALO,48.0
2290.9088888888887,196.0,100.0,False,11116.0,0,Silverstone,ALO,48.0
2298.146742067273,201.33333333333334,100.0,False,11127.2,0,Silverstone,ALO,48.0
2304.6422222222222,206.0,100.0,False,11137.0,0,Silverstone,ALO,48.0
2312.1911589627007,209.6,100.0,False,11274.6,0,Silverstone,ALO,48.0
2323.7533333333336,215.0,100.0,False,11481.0,0,Silverstone,ALO,48.0
2325.4617535049474,215.7874928,100.0,False,11408.5506624,0,Silverstone,ALO,48.0
2340.3598392390563,222.5374928,100.0,False,10787.5506624,0,Silverstone,ALO,48.0
2343.6644444444446,224.0,100.0,False,10653.0,0,Silverstone,ALO,48.0
2365.064013313865,234.0222222222222,100.0,False,11116.755555555555,0,Silverstone,ALO,48.0
2367.1644444444446,235.0,100.0,False,11162.0,0,Silverstone,ALO,48.0
2382.964444444445,237.0,100.0,False,11360.0,0,Silverstone,ALO,48.0
2388.87906299103,240.3,100.0,False,11462.85,0,Silverstone,ALO,48.0
2393.7644444444445,243.0,100.0,False,11547.0,0,Silverstone,ALO,48.0
2399.7769478196183,244.76,100.0,False,11517.96,0,Silverstone,ALO,48.0
2407.486666666667,247.0,100.0,False,11481.0,0,Silverstone,ALO,48.0
2413.581200791515,248.46666666666667,100.0,False,11107.733333333334,0,Silverstone,ALO,48.0
2424.2200000000007,251.0,100.0,False,10463.0,0,Silverstone,ALO,48.0
2427.6226267014517,251.98181818181817,100.0,False,10494.527272727273,0,Silverstone,ALO,48.0
2450.7536362893543,258.5272727272727,100.0,False,10704.709090909091,0,Silverstone,ALO,48.0
2455.9977777777785,260.0,100.0,False,10752.0,0,Silverstone,ALO,48.0
2476.4533333333343,263.0,100.0,False,10966.0,0,Silverstone,ALO,48.0
2477.0404799924772,263.1,100.0,False,10971.9,0,Silverstone,ALO,48.0
2488.2311111111117,265.0,100.0,False,11084.0,0,Silverstone,ALO,48.0
2493.2595769776817,265.6374976,100.0,False,11105.24992,0,Silverstone,ALO,48.0
2508.14675050594,267.5124976,100.0,False,11167.74992,0,Silverstone,ALO,48.0
2512.0533333333337,268.0,100.0,False,11184.0,0,Silverstone,ALO,48.0
2520.218630811564,269.71817774545457,100.0,False,11234.072608581819,0,Silverstone,ALO,48.0
2543.199060293622,274.4909090909091,100.0,False,11373.163636363637,0,Silverstone,ALO,48.0
2545.664444444445,275.0,100.0,False,11388.0,0,Silverstone,ALO,48.0
2563.299194782986,277.8499968,100.0,False,11391.562496,0,Silverstone,ALO,48.0
2570.4644444444443,279.0,100.0,False,11393.0,0,Silverstone,ALO,48.0
2578.9189210384,280.3499968,100.0,False,11068.3257696,0,Silverstone,ALO,48.0
2595.62,283.0,100.0,False,10431.0,0,Silverstone,ALO,48.0
2597.831671136757,283.2333312,100.0,False,10438.4665984,0,Silverstone,ALO,48.0
2614.62,285.0,100.0,False,10495.0,0,Silverstone,ALO,48.0
2623.2032451010077,285.6749984,100.0,False,10538.1998976,0,Silverstone,ALO,48.0
2640.131111111111,287.0,100.0,False,10623.0,0,Silverstone,ALO,48.0
2642.377405204463,287.351461504103,100.0,False,10633.54384512309,0,Silverstone,ALO,48.0
2650.420566191093,288.6066958514042,100.0,False,10671.200875542127,0,Silverstone,ALO,48.0
2659.3838888888886,290.0,100.0,False,10713.0,0,Silverstone,ALO,48.0
2673.0180235389553,291.4,100.0,False,10758.733333333334,0,Silverstone,ALO,48.0
2688.683888888889,293.0,100.0,False,10811.0,0,Silverstone,ALO,48.0
2689.338153545208,293.1,100.0,False,10812.9,0,Silverstone,ALO,48.0
2701.795,295.0,100.0,False,10849.0,0,Silverstone,ALO,48.0
2702.5344580263977,295.0562512,100.0,False,10853.3875936,0,Silverstone,ALO,48.0
2720.673858117326,296.4312496,100.0,False,10960.6374688,0,Silverstone,ALO,48.0
2728.195,297.0,100.0,False,11005.0,0,Silverstone,ALO,48.0
2730.5927639932706,297.18012361128115,100.0,False,11009.142843059466,0,Silverstone,ALO,48.0
2741.5222222222224,298.0,100.0,False,11028.0,0,Silverstone,ALO,48.0
2758.188888888889,300.0,100.0,False,11001.0,0,Silverstone,ALO,48.0
2760.530986034529,300.2333312,100.0,False,11018.2665088,0,Silverstone,ALO,48.0
2778.3222222222225,302.0,100.0,False,11149.0,0,Silverstone,ALO,48.0
2782.3616188190617,302.2,100.0,False,11155.0,0,Silverstone,ALO,48.0
2812.7629999509118,303.7,100.0,False,11200.0,0,Silverstone,ALO,48.0
2818.8555555555563,304.0,100.0,False,11209.0,0,Silverstone,ALO,48.0
2822.9187528628936,304.24,100.0,False,11214.52,0,Silverstone,ALO,48.0
2835.8,305.0,100.0,False,11232.0,0,Silverstone,ALO,48.0
2843.27586267915,305.55,100.0,False,11253.45,0,Silverstone,ALO,48.0
2849.4000000000005,306.0,100.0,False,11271.0,0,Silverstone,ALO,48.0
2863.7071249551004,306.3818181818182,100.0,False,11279.018181818183,0,Silverstone,ALO,48.0
2886.9222222222224,307.0,100.0,False,11292.0,0,Silverstone,ALO,48.0
2897.869880051085,307.8,100.0,False,11294.4,0,Silverstone,ALO,48.0
2900.611111111111,308.0,100.0,False,11295.0,0,Silverstone,ALO,48.0
2916.756750690488,308.5874992,100.0,False,11336.7124432,0,Silverstone,ALO,48.0
2928.0777777777776,309.0,100.0,False,11366.0,0,Silverstone,ALO,48.0
2944.1174437989794,307.4333354666667,79.63336106666667,False,11306.988969244445,0,Silverstone,ALO,48.0
2958.677777777778,306.0,61.0,False,11253.0,0,Silverstone,ALO,48.0
2959.3517514897953,305.875,60.25,False,11250.25,0,Silverstone,ALO,48.0
2979.4432642178112,302.125,37.75,False,11167.75,0,Silverstone,ALO,48.0
2985.433333333333,301.0,31.0,False,11143.0,0,Silverstone,ALO,48.0
3001.9333333333334,297.0,39.0,False,10690.0,0,Silverstone,ALO,48.0
3002.583048827321,296.7142857142857,40.22857142857143,False,10688.628571428571,0,Silverstone,ALO,48.0
3018.5455474483297,289.57142857142856,70.94285714285715,False,10654.342857142858,0,Silverstone,ALO,48.0
3024.255555555556,287.0,82.0,False,10642.0,0,Silverstone,ALO,48.0
3034.4254920908024,286.2,93.2,False,10625.2,0,Silverstone,ALO,48.0
3036.9666666666667,286.0,96.0,False,10621.0,0,Silverstone,ALO,48.0
3062.3,285.0,100.0,False,10572.0,0,Silverstone,ALO,48.0
3067.6700582799185,284.81111182222224,100.0,False,10571.433335466667,0,Silverstone,ALO,48.0
3077.1369552027977,284.4777784888889,100.0,False,10570.433335466667,0,Silverstone,ALO,48.0
3090.7000000000003,284.0,100.0,False,10569.0,0,Silverstone,ALO,48.0
3100.7955345996097,284.0,100.0,False,10557.48,0,Silverstone,ALO,48.0
3106.477777777778,284.0,100.0,False,10551.0,0,Silverstone,ALO,48.0
3134.004403435819,284.7909085090909,100.0,False,10602.409053090909,0,Silverstone,ALO,48.0
3141.311111111111,285.0,100.0,False,10616.0,0,Silverstone,ALO,48.0
3146.7214386927353,285.4857124571429,100.0,False,10599.971488914285,0,Silverstone,ALO,48.0
3156.288289290792,286.3428553142857,100.0,False,10571.685774628571,0,Silverstone,ALO,48.0
3163.6333333333337,287.0,100.0,False,10550.0,0,Silverstone,ALO,48.0
3170.666020943339,287.3666666666667,100.0,False,10558.8,0,Silverstone,ALO,48.0
3182.833333333334,288.0,100.0,False,10574.0,0,Silverstone,ALO,48.0
3198.8888888888896,289.0,100.0,False,10641.0,0,Silverstone,ALO,48.0
3201.059067267075,289.0967735719732,100.0,False,10643.322565727358,0,Silverstone,ALO,48.0
3218.7762144462063,289.885304580568,100.0,False,10662.247309933633,0,Silverstone,ALO,48.0
3221.3638888888895,290.0,100.0,False,10665.0,0,Silverstone,ALO,48.0
3233.4559253428897,291.01590865454546,100.0,False,10708.345435927273,0,Silverstone,ALO,48.0
3236.7142160254607,291.2886359272727,100.0,False,10719.981799563637,0,Silverstone,ALO,48.0
3257.1750000000006,293.0,100.0,False,10793.0,0,Silverstone,ALO,48.0
3264.415592954401,293.0,100.0,False,10793.552795564368,0,Silverstone,ALO,48.0
3270.278611111112,293.0,100.0,False,10794.0,0,Silverstone,ALO,48.0
3280.7344955412577,293.7111111111111,100.0,False,10839.511111111111,0,Silverstone,ALO,48.0
3299.778611111112,295.0,100.0,False,10922.0,0,Silverstone,ALO,48.0
3300.436971406324,295.0571428571429,100.0,False,10922.0,0,Silverstone,ALO,48.0
3322.8786111111117,297.0,100.0,False,10922.0,0,Silverstone,ALO,48.0
3330.156511652708,297.44,100.0,False,10941.8,0,Silverstone,ALO,48.0
3339.4341666666674,298.0,100.0,False,10967.0,0,Silverstone,ALO,48.0
3345.0778357608824,298.28333226666666,100.0,False,10983.008273066667,0,Silverstone,ALO,48.0
3361.7243164791153,299.1166656,100.0,False,11030.0916064,0,Silverstone,ALO,48.0
3379.434166666667,300.0,100.0,False,11080.0,0,Silverstone,ALO,48.0
3395.189380417124,301.3428553142857,100.0,False,11133.714212571429,0,Silverstone,ALO,48.0
3402.923055555556,302.0,100.0,False,11160.0,0,Silverstone,ALO,48.0
3415.4022507991795,302.9249984,100.0,False,11188.2124512,0,Silverstone,ALO,48.0
3428.929980267713,303.9249984,100.0,False,11218.7124512,0,Silverstone,ALO,48.0
3429.9452777777783,304.0,100.0,False,11221.0,0,Silverstone,ALO,48.0
3450.9522338014845,304.8857142857143,100.0,False,11257.314285714287,0,Silverstone,ALO,48.0
3453.6675000000005,305.0,100.0,False,11262.0,0,Silverstone,ALO,48.0
3470.6675,306.0,100.0,False,11243.0,0,Silverstone,ALO,48.0
3476.4610841431854,306.28333226666666,100.0,False,11263.3999232,0,Silverstone,ALO,48.0
3481.5790458614006,306.53333333333336,100.0,False,11281.4,0,Silverstone,ALO,48.0
3491.1341666666667,307.0,100.0,False,11315.0,0,Silverstone,ALO,48.0
3511.6008333333334,307.0,100.0,False,11317.0,0,Silverstone,ALO,48.0
3512.2832680396955,307.0,100.0,False,11316.533333333333,0,Silverstone,ALO,48.0
3527.6390616886347,307.0,100.0,False,11306.033348266667,0,Silverstone,ALO,48.0
3532.0675,307.0,100.0,False,11303.0,0,Silverstone,ALO,48.0
3552.4674999999997,306.0,100.0,False,11273.0,0,Silverstone,ALO,48.0
3566.1119444444444,307.0,100.0,False,11313.0,0,Silverstone,ALO,48.0
3579.7563888888885,307.0,100.0,False,11325.0,0,Silverstone,ALO,48.0
3583.8505218969135,307.0,100.0,False,11304.6,0,Silverstone,ALO,48.0
3606.0233387309336,307.0,100.0,False,11194.1001088,0,Silverstone,ALO,48.0
3607.0452777777773,307.0,100.0,False,11189.0,0,Silverstone,ALO,48.0
3627.4452777777774,306.0,74.0,False,11131.0,0,Silverstone,ALO,48.0
3631.514473391704,305.65714285714284,73.14285714285714,False,11127.057142857142,0,Silverstone,ALO,48.0
3651.089722222222,304.0,69.0,False,11108.0,0,Silverstone,ALO,48.0
3658.442678921033,301.8,71.2,False,11059.16,0,Silverstone,ALO,48.0
3667.700833333333,299.0,74.0,False,10997.0,0,Silverstone,ALO,48.0
3669.989757388536,298.2125072,74.5249952,False,10987.9875824,0,Silverstone,ALO,48.0
3682.8791031256296,293.7125072,77.5249952,False,10936.4875824,0,Silverstone,ALO,48.0
3693.4786111111107,290.0,80.0,False,10894.0,0,Silverstone,ALO,48.0
3697.3544653441204,290.3,80.0,False,10894.0,0,Silverstone,ALO,48.0
3706.4119444444445,291.0,80.0,False,10894.0,0,Silverstone,ALO,48.0
3721.506496893794,289.12000256,98.7999744,False,10671.22030336,0,Silverstone,ALO,48.0
3722.4674999999997,289.0,100.0,False,10657.0,0,Silverstone,ALO,48.0
3734.3079329139837,288.0750016,100.0,False,10615.375072,0,Silverstone,ALO,48.0
3735.2675,288.0,100.0,False,10612.0,0,Silverstone,ALO,48.0
3748.0674999999997,288.0,100.0,False,10604.0,0,Silverstone,ALO,48.0
3763.0692660097793,288.0,96.10417066666666,False,10580.625024,0,Silverstone,ALO,48.0
3767.2675,288.0,95.0,True,10574.0,0,Silverstone,ALO,48.0
3777.1701997604437,282.15481585658847,44.518864215991336,True,10358.259567070447,0,Silverstone,ALO,48.0
3785.657222222222,277.0,0.0,True,10168.0,0,Silverstone,ALO,48.0
3792.199921262726,270.69581973333334,0.0,True,10356.383739733334,0,Silverstone,ALO,48.0
3802.9905555555556,260.0,0.0,False,10676.0,0,Silverstone,ALO,48.0
3807.851019449908,257.85047056918893,4.943917690865431,False,10632.579505497617,0,Silverstone,ALO,48.0
3824.4611845786603,250.37383952717386,22.140169087500112,False,10481.551558448911,0,Silverstone,ALO,48.0
3825.282222222222,250.0,23.0,False,10474.0,0,Silverstone,ALO,48.0
3841.548888888889,244.0,47.0,False,10218.0,0,Silverstone,ALO,48.0
3846.1238192878445,243.32000256,51.07998464,False,10200.32006656,0,Silverstone,ALO,48.0
3854.993333333334,242.0,59.0,False,10166.0,0,Silverstone,ALO,48.0
3862.2744252746747,242.44999893333335,65.29998506666666,False,10146.200046933332,0,Silverstone,ALO,48.0
3871.1933333333336,243.0,73.0,False,10122.0,0,Silverstone,ALO,48.0
3874.437990363109,243.0,55.480000000000004,False,10099.68,0,Silverstone,ALO,48.0
3884.6933333333336,243.0,0.0,True,10029.0,0,Silverstone,ALO,48.0
3887.912179133413,241.8,0.0,True,10068.6,0,Silverstone,ALO,48.0
3895.315555555556,239.0,0.0,True,10161.0,0,Silverstone,ALO,48.0
3900.917689508814,234.35555555555555,0.0,True,10217.711111111112,0,Silverstone,ALO,48.0
3917.315555555556,220.0,0.0,True,10393.0,8,Silverstone,ALO,48.0
3917.789344585498,219.75,0.0,True,10410.4,8,Silverstone,ALO,48.0
3935.9822222222224,210.0,0.0,False,11089.0,8,Silverstone,ALO,48.0
3939.8642233136497,208.3000064,0.24285622857142858,False,11036.3001984,8,Silverstone,ALO,48.0
3943.263859334181,206.8,0.45714285714285713,False,10989.8,8,Silverstone,ALO,48.0
3951.771111111111,203.0,1.0,False,10872.0,8,Silverstone,ALO,48.0
3959.9119660581237,200.6454586181818,9.74543941818182,False,10791.609229963637,8,Silverstone,ALO,48.0
3973.993777365897,196.5090909090909,25.10909090909091,False,10650.381818181819,8,Silverstone,ALO,48.0
3975.726666666667,196.0,27.0,False,10633.0,8,Silverstone,ALO,48.0
3991.3573437695895,196.0,63.72,False,10838.92,8,Silverstone,ALO,48.0
3997.5044444444447,196.0,78.0,False,10919.0,8,Silverstone,ALO,48.0
4008.6711111111117,201.0,100.0,False,11261.0,8,Silverstone,ALO,48.0
4012.583118170083,203.00908334545454,100.0,False,11319.41796189091,8,Silverstone,ALO,48.0
4024.4621728209213,208.91817425454545,100.0,False,11491.236143709091,8,Silverstone,ALO,48.0
4034.8266666666673,214.0,100.0,False,11639.0,8,Silverstone,ALO,48.0
4036.5144059988506,214.55999488,100.0,False,11478.001472,8,Silverstone,ALO,48.0
4046.937777777778,218.0,100.0,False,10489.0,8,Silverstone,ALO,48.0
4053.6272741119933,220.45453963636365,100.0,False,10582.517960145455,8,Silverstone,ALO,48.0
4071.4534123946587,226.818176,100.0,False,10824.9725056,8,Silverstone,ALO,48.0
4074.804444444445,228.0,100.0,False,10870.0,8,Silverstone,ALO,48.0
4087.8044444444445,234.0,100.0,False,10974.0,8,Silverstone,ALO,48.0
4090.9629339818343,234.84,100.0,False,11032.08,8,Silverstone,ALO,48.0
4104.298023787249,238.34,100.0,False,11274.08,8,Silverstone,ALO,48.0
4114.582222222222,241.0,100.0,False,11458.0,8,Silverstone,ALO,48.0
4119.21912624428,242.32221724444443,100.0,False,11246.823017244444,8,Silverstone,ALO,48.0
4134.373089410975,246.6,100.0,False,10563.6,8,Silverstone,ALO,48.0
4139.3822222222225,248.0,100.0,False,10340.0,14,Silverstone,ALO,48.0
4142.735178515212,249.0,100.0,False,10382.0,14,Silverstone,ALO,48.0
4156.248888888888,253.0,100.0,False,10550.0,14,Silverstone,ALO,48.0
4166.697024914978,255.7562464,100.0,False,10693.3248128,14,Silverstone,ALO,48.0
4167.626666666666,256.0,100.0,False,10706.0,14,Silverstone,ALO,48.0
4181.107964689827,259.1166634666667,100.0,False,10832.2248704,14,Silverstone,ALO,48.0
4184.96,260.0,100.0,False,10868.0,12,Silverstone,ALO,48.0
4199.626666666667,264.0,100.0,False,10979.0,12,Silverstone,ALO,48.0
4207.676318581238,266.10584571677543,100.0,False,11053.907940496725,12,Silverstone,ALO,48.0
4225.817204621084,270.7855139577122,100.0,False,11220.37042506719,12,Silverstone,ALO,48.0
4226.6513888888885,271.0,100.0,False,11228.0,12,Silverstone,ALO,48.0
4244.994166666666,274.0,100.0,False,11424.0,12,Silverstone,ALO,48.0
4257.3052777777775,277.0,100.0,False,11521.0,12,Silverstone,ALO,48.0
4259.469365943585,277.2999972571429,100.0,False,11503.700158171428,12,Silverstone,ALO,48.0
4271.888376491816,279.0142829714286,100.0,False,11404.843015314285,12,Silverstone,ALO,48.0
4279.083055555556,280.0,100.0,False,11348.0,12,Silverstone,ALO,48.0
4294.860833333334,284.0,100.0,False,10454.0,12,Silverstone,ALO,48.0
4303.425929841125,285.07999744,100.0,False,10507.999872,12,Silverstone,ALO,48.0
4310.749722222223,286.0,100.0,False,10554.0,12,Silverstone,ALO,48.0
4324.205958938095,288.1,100.0,False,10645.7,12,Silverstone,ALO,48.0
4330.016388888889,289.0,100.0,False,10685.0,12,Silverstone,ALO,48.0
4342.054344380094,291.312496,100.0,False,10748.8248896,12,Silverstone,ALO,48.0
4356.149722222223,294.0,100.0,False,10823.0,12,Silverstone,ALO,48.0
4356.806459323879,294.08,100.0,False,10825.24,12,Silverstone,ALO,48.0
4371.606375850976,295.87999744,100.0,False,10875.63992832,12,Silverstone,ALO,48.0
4372.594166666667,296.0,100.0,False,10879.0,12,Silverstone,ALO,48.0
4384.79053202672,296.73999872,100.0,False,10959.65986048,12,Silverstone,ALO,48.0
4389.094166666667,297.0,100.0,False,10988.0,12,Silverstone,ALO,48.0
4403.08481371001,299.52,100.0,False,11064.44,12,Silverstone,ALO,48.0
4405.760833333334,300.0,100.0,False,11079.0,12,Silverstone,ALO,48.0
4428.292880069214,302.5124976,100.0,False,11090.7249888,12,Silverstone,ALO,48.0
4432.694166666666,303.0,100.0,False,11093.0,12,Silverstone,ALO,48.0
4449.694166666666,306.0,100.0,False,11222.0,12,Silverstone,ALO,48.0
4452.074300003829,306.0,100.0,False,11233.47989504,12,Silverstone,ALO,48.0
4466.694166666666,306.0,100.0,False,11304.0,12,Silverstone,ALO,48.0
4470.783612800523,306.3,100.0,False,11322.6,12,Silverstone,ALO,48.0
4491.319361171884,307.8,100.0,False,11415.6,12,Silverstone,ALO,48.0
4494.071944444445,308.0,100.0,False,11428.0,12,Silverstone,ALO,48.0
4508.58325346195,309.8666666666667,100.0,False,11456.466666666667,12,Silverstone,ALO,48.0
4522.484398011233,311.64444444444445,100.0,False,11483.577777777778,12,Silverstone,ALO,48.0
4525.271944444445,312.0,100.0,False,11489.0,12,Silverstone,ALO,48.0
4548.717474030233,314.87142582857143,100.0,False,11562.6999296,12,Silverstone,ALO,48.0
4549.771944444445,315.0,100.0,False,11566.0,12,Silverstone,ALO,48.0
4563.860833333333,317.0,100.0,False,11610.0,12,Silverstone,ALO,48.0
4566.327291806709,317.0,100.0,False,11610.5249952,12,Silverstone,ALO,48.0
4585.69916237638,317.0,100.0,False,11614.65,12,Silverstone,ALO,48.0
4592.03861111111,317.0,100.0,False,11616.0,12,Silverstone,ALO,48.0
4601.548432201344,317.0,100.0,False,11638.2749472,12,Silverstone,ALO,48.0
4606.127499999999,317.0,100.0,False,11649.0,12,Silverstone,ALO,48.0
4622.683554954121,317.0,100.0,False,11636.0750176,12,Silverstone,ALO,48.0
4642.056166566587,317.0,100.0,False,11620.95,12,Silverstone,ALO,48.0
4648.394166666666,317.0,100.0,False,11616.0,12,Silverstone,ALO,48.0
4662.4830555555545,317.0,100.0,False,11671.0,12,Silverstone,ALO,48.0
4676.616388888889,318.0,100.0,False,11671.0,12,Silverstone,ALO,48.0
4694.283055555555,318.0,100.0,False,11689.0,12,Silverstone,ALO,48.0
4696.756086978312,318.0,100.0,False,11687.4250144,12,Silverstone,ALO,48.0
4721.400961722217,318.0,100.0,False,11671.7312608,12,Silverstone,ALO,48.0
4722.549722222222,318.0,100.0,False,11671.0,12,Silverstone,ALO,48.0
4747.283055555556,318.0,100.0,False,11651.0,12,Silverstone,ALO,48.0
4758.554648230672,317.2,100.0,False,11662.2,12,Silverstone,ALO,48.0
4761.371944444444,317.0,100.0,False,11665.0,12,Silverstone,ALO,48.0
4786.7393327177415,317.0,100.0,False,11678.637890302158,12,Silverstone,ALO,48.0
4792.983888888888,317.0,100.0,False,11682.0,12,Silverstone,ALO,48.0
4807.1161111111105,316.0,100.0,False,11603.0,12,Silverstone,ALO,48.0
4809.567676901896,315.9000009142857,100.0,False,11600.9000192,12,Silverstone,ALO,48.0
4831.6161111111105,315.0,100.0,False,11582.0,12,Silverstone,ALO,48.0
4832.319921975406,314.96,100.0,False,11580.48,12,Silverstone,ALO,48.0
4846.350184369007,314.16,100.0,False,11550.08,12,Silverstone,ALO,48.0
4849.060555555555,314.0,100.0,False,11544.0,12,Silverstone,ALO,48.0
4860.996945169938,300.54547781818184,66.36369454545455,False,11242.618703127273,12,Silverstone,ALO,48.0
4874.401402414671,284.1818181818182,25.454545454545453,False,10876.072727272727,12,Silverstone,ALO,48.0
4882.549444444444,274.0,0.0,True,10648.0,0,Silverstone,ALO,48.0
4891.721813508773,260.4,0.0,True,10457.6,0,Silverstone,ALO,48.0
4893.971666666667,257.0,0.0,True,10410.0,0,Silverstone,ALO,48.0
4910.171666666667,243.0,0.0,True,10819.0,0,Silverstone,ALO,48.0
4910.691721355784,242.55555555555554,0.0,True,10809.0,0,Silverstone,ALO,48.0
4924.506143601026,230.33334755555555,0.0,True,10534.00032,0,Silverstone,ALO,48.0
4932.471666666667,223.0,0.0,True,10369.0,0,Silverstone,ALO,48.0
4941.190713562601,217.6555648,0.0,True,10216.889152,0,Silverstone,ALO,48.0
4953.471666666667,210.0,0.0,False,9999.0,0,Silverstone,ALO,48.0
4953.9357569734975,209.92,0.0,False,9979.16,0,Silverstone,ALO,48.0
4965.027222222223,208.0,0.0,False,9503.0,0,Silverstone,ALO,48.0
4966.615364181692,207.02000896,0.0,False,9581.3992832,0,Silverstone,ALO,48.0
4976.19388888889,201.0,0.0,False,10063.0,0,Silverstone,ALO,48.0
4984.28481253489,198.687504,19.4249664,False,10358.999488,0,Silverstone,ALO,48.0
4993.616111111111,196.0,42.0,False,10703.0,0,Silverstone,ALO,48.0
4994.05085144541,196.0,42.07272727272727,False,10702.309090909092,0,Silverstone,ALO,48.0
5008.213608541347,196.0,44.43636130909091,False,10679.854567563636,0,Silverstone,ALO,48.0
5017.571666666667,196.0,46.0,False,10665.0,0,Silverstone,ALO,48.0
5020.176898138698,196.0,48.64,False,10663.56,0,Silverstone,ALO,48.0
5028.460555555555,196.0,57.0,False,10659.0,0,Silverstone,ALO,48.0
5031.116132560272,197.5,64.5,False,10785.0,0,Silverstone,ALO,48.0
5037.393888888889,201.0,82.0,False,11079.0,0,Silverstone,ALO,48.0
5045.860813935683,204.6999936,91.51426925714286,False,10956.9002112,0,Silverstone,ALO,48.0
5053.571666666667,208.0,100.0,False,10848.0,0,Silverstone,ALO,48.0
5059.98895665036,210.6999936,100.0,False,10732.44027392,0,Silverstone,ALO,48.0
5077.793888888889,218.0,100.0,False,10420.0,0,Silverstone,ALO,48.0
5080.776230581415,219.2,100.0,False,10479.733333333334,0,Silverstone,ALO,48.0
5094.631618664361,224.6999936,100.0,False,10753.510792533334,0,Silverstone,ALO,48.0
5100.493888888889,227.0,100.0,False,10868.0,0,Silverstone,ALO,48.0
5113.382777777778,232.0,100.0,False,11137.0,0,Silverstone,ALO,48.0
5116.5243668053945,233.2,100.0,False,11192.028571428571,0,Silverstone,ALO,48.0
5125.803417362317,236.6999936,100.0,False,11352.528277942858,0,Silverstone,ALO,48.0
5131.971666666667,239.0,100.0,False,11458.0,0,Silverstone,ALO,48.0
5145.527222222222,244.0,100.0,False,11698.0,0,Silverstone,ALO,48.0
5147.432849312383,244.3499968,100.0,False,11600.000896,0,Silverstone,ALO,48.0
5156.460555555556,246.0,100.0,False,11138.0,0,Silverstone,ALO,48.0
5158.326560493221,246.843744,100.0,False,11020.2133376,0,Silverstone,ALO,48.0
5167.616111111111,251.0,100.0,False,10440.0,0,Silverstone,ALO,48.0
5186.597774230311,255.7678537142857,100.0,False,10633.5748608,0,Silverstone,ALO,48.0
5187.527222222223,256.0,100.0,False,10643.0,0,Silverstone,ALO,48.0
5202.437550861633,257.95,100.0,False,10776.25,0,Silverstone,ALO,48.0
5210.549444444445,259.0,100.0,False,10848.0,0,Silverstone,ALO,48.0
5225.142777777778,264.0,100.0,False,10905.0,0,Silverstone,ALO,48.0
5233.175771558412,264.67912692089607,100.0,False,10956.953209448548,0,Silverstone,ALO,48.0
5245.004621184363,265.6760110598314,100.0,False,11033.214846077102,0,Silverstone,ALO,48.0
5248.861111111111,266.0,100.0,False,11058.0,0,Silverstone,ALO,48.0
5263.75,268.0,100.0,False,11062.0,0,Silverstone,ALO,48.0
5267.336354638768,268.3,100.0,False,11074.9,0,Silverstone,ALO,48.0
5277.825120156462,269.1749984,100.0,False,11112.5249312,0,Silverstone,ALO,48.0
5299.883333333333,271.0,100.0,False,11191.0,0,Silverstone,ALO,48.0
5309.651764411673,271.35555555555555,100.0,False,11212.68888888889,0,Silverstone,ALO,48.0
5327.083333333333,272.0,100.0,False,11252.0,0,Silverstone,ALO,48.0
5333.388348970916,265.64444444444445,75.55555555555556,False,11108.755555555555,0,Silverstone,ALO,48.0
5351.683333333333,246.0,0.0,True,10666.0,0,Silverstone,ALO,48.0
5357.171921441125,232.8,0.0,True,10412.45,0,Silverstone,ALO,48.0
5361.55,222.0,0.0,True,10205.0,0,Silverstone,ALO,48.0
5373.216666666667,210.0,0.0,True,10189.0,0,Silverstone,ALO,48.0
5379.8946618554555,196.0,0.0,True,9973.4,0,Silverstone,ALO,48.0
5388.250344620401,176.312528,0.0,True,9670.2129312,0,Silverstone,ALO,48.0
5388.772222222223,175.0,0.0,True,9650.0,0,Silverstone,ALO,48.0
5393.273395403687,162.65717211428571,0.0,True,9797.728221257143,0,Silverstone,ALO,48.0
5399.894444444445,143.0,0.0,True,10033.0,0,Silverstone,ALO,48.0
5401.676827416979,139.88,0.0,True,9845.32,0,Silverstone,ALO,48.0
5407.116666666667,130.0,0.0,True,9251.0,0,Silverstone,ALO,48.0
5409.428702812306,127.0250112,0.0,True,9004.7134272,0,Silverstone,ALO,48.0
5414.58372117877,120.0250112,0.0,True,8425.2134272,0,Silverstone,ALO,48.0
5417.427777777778,116.0,0.0,True,8092.0,0,Silverstone,ALO,48.0
5425.672222222222,106.0,0.0,True,7514.0,0,Silverstone,ALO,48.0
5434.561111111111,100.0,0.0,True,7052.0,0,Silverstone,ALO,48.0
5437.374943240364,96.85000746666667,0.0,True,6902.1503552,0,Silverstone,ALO,48.0
5440.761111111111,93.0,0.0,True,6719.0,0,Silverstone,ALO,48.0
5444.894444444444,93.0,0.0,False,6439.0,0,Silverstone,ALO,48.0
5448.518495221688,89.3000064,3.6999936,False,6629.17967104,0,Silverstone,ALO,48.0
5449.783333333333,88.0,5.0,False,6696.0,0,Silverstone,ALO,48.0
5452.937860682417,88.8,21.0,False,6727.2,0,Silverstone,ALO,48.0
5453.738888888888,89.0,25.0,False,6735.0,0,Silverstone,ALO,48.0
5456.48408790171,90.687496,26.687496,False,6833.5497664,0,Silverstone,ALO,48.0
5462.094444444443,94.0,30.0,False,7027.0,0,Silverstone,ALO,48.0
5463.415087459065,95.35,33.75,False,7158.4,0,Silverstone,ALO,48.0
5468.534802933469,100.4124928,47.81248,False,7651.1492992,0,Silverstone,ALO,48.0
5471.249999999999,103.0,55.0,False,7903.0,0,Silverstone,ALO,48.0
5478.649999999999,111.0,57.0,False,8390.0,0,Silverstone,ALO,48.0
5480.189709180779,112.8,56.4,False,8485.7,0,Silverstone,ALO,48.0
5483.8499999999985,117.0,55.0,False,8709.0,0,Silverstone,ALO,48.0
5489.415613630149,119.50499712,39.97001728,False,8690.63002112,0,Silverstone,ALO,48.0
5490.5166666666655,120.0,37.0,False,8687.0,0,Silverstone,ALO,48.0
5498.449999999999,119.0,14.0,False,8749.0,0,Silverstone,ALO,48.0
5499.977772031496,118.49643062857143,15.510708114285714,False,8756.385684114286,0,Silverstone,ALO,48.0
5507.084847613921,116.12857417142857,22.614277485714286,False,8791.114245485714,0,Silverstone,ALO,48.0
5507.472222222221,116.0,23.0,False,8793.0,0,Silverstone,ALO,48.0
5518.8420683008635,117.58181701818182,34.86362763636364,False,8863.39085730909,0,Silverstone,ALO,48.0
5521.894444444443,118.0,38.0,False,8882.0,0,Silverstone,ALO,48.0
5523.494950399519,118.72,39.92,False,8938.4,0,Silverstone,ALO,48.0
5528.616666666665,121.0,46.0,False,9117.0,0,Silverstone,ALO,48.0
5529.574013830501,121.41999616,46.13999872,False,9054.84056832,0,Silverstone,ALO,48.0
5537.968049264224,125.01999616,47.33999872,False,8522.04056832,0,Silverstone,ALO,48.0
5542.727777777776,127.0,48.0,False,8229.0,0,Silverstone,ALO,48.0
5545.219254803582,128.6999936,49.41666133333333,False,8434.132561066666,0,Silverstone,ALO,48.0
5551.594444444443,133.0,53.0,False,8953.0,0,Silverstone,ALO,48.0
5553.372416827439,133.4,53.4,False,8993.6,0,Silverstone,ALO,48.0
5560.594444444443,135.0,55.0,False,9156.0,0,Silverstone,ALO,48.0
5563.284665612254,137.6444344888889,57.26665813333334,False,9250.066312533334,0,Silverstone,ALO,48.0
5572.4393872082765,146.2,64.6,False,9554.4,0,Silverstone,ALO,48.0
5575.494444444443,149.0,67.0,False,9654.0,0,Silverstone,ALO,48.0
5583.577980168863,154.63999232,73.57999104,False,10159.71931136,0,Silverstone,ALO,48.0
5584.105555555554,155.0,74.0,False,10192.0,0,Silverstone,ALO,48.0
5598.274617894167,165.26665813333332,82.55554844444444,False,10894.410527288888,0,Silverstone,ALO,48.0
5600.805555555554,167.0,84.0,False,11013.0,0,Silverstone,ALO,48.0
5606.199820870948,172.3999872,88.31998976,False,10991.4000512,0,Silverstone,ALO,48.0
5621.583333333331,187.0,100.0,False,10933.0,0,Silverstone,ALO,48.0
5624.192930059056,188.68,100.0,False,10954.72,0,Silverstone,ALO,48.0
5634.169158595149,194.97999104,100.0,False,11036.16988416,0,Silverstone,ALO,48.0
5643.916666666665,201.0,100.0,False,11114.0,0,Silverstone,ALO,48.0
5645.5196922311,201.6999936,100.0,False,11143.9247264,0,Silverstone,ALO,48.0
5654.766730535535,205.6999936,100.0,False,11314.9247264,0,Silverstone,ALO,48.0
5662.494444444443,209.0,100.0,False,11456.0,0,Silverstone,ALO,48.0
5665.324967512812,210.02857142857144,100.0,False,11313.542857142857,0,Silverstone,ALO,48.0
5679.216666666665,215.0,100.0,False,10625.0,0,Silverstone,ALO,48.0
5680.928692774721,215.874992,100.0,False,10643.2873328,0,Silverstone,ALO,48.0
5690.868763922957,220.874992,100.0,False,10747.7873328,0,Silverstone,ALO,48.0
5699.216666666666,225.0,100.0,False,10834.0,0,Silverstone,ALO,48.0
5708.698892765906,228.2374944,100.0,False,10952.8622944,0,Silverstone,ALO,48.0
5716.462841734909,230.8624944,100.0,False,11049.2372944,0,Silverstone,ALO,48.0
5719.838888888888,232.0,100.0,False,11091.0,0,Silverstone,ALO,48.0
5738.194444444443,236.0,100.0,False,11364.0,0,Silverstone,ALO,48.0
5746.776332675014,239.84,100.0,False,11543.2,0,Silverstone,ALO,48.0
5751.638888888888,242.0,100.0,False,11644.0,0,Silverstone,ALO,48.0
5762.483333333332,244.0,100.0,False,11632.0,0,Silverstone,ALO,48.0
5771.1736790227615,244.8,100.0,False,10736.0,0,Silverstone,ALO,48.0
5773.37222222222,245.0,100.0,False,10512.0,0,Silverstone,ALO,48.0
5798.87222222222,255.0,100.0,False,10545.0,0,Silverstone,ALO,48.0
